{
    "loss": 7.787694931030273,
    "accuracy": 0.5035971403121948
}