{
    "loss": 1.034321665763855,
    "accuracy": 0.5467625856399536
}