{
    "loss": 12.27086353302002,
    "accuracy": 0.5467625856399536
}